<?xml version="1.0" encoding="utf-8" ?>

<!--
	XML subscription Parser Test
-->

<arch:architecture xsi:type="arch:ArchitectureConfigurationType"
       xsi:schemaLocation="http://awareness.ics.uci.edu/~rsilvafi/yancees/xsd/architecture.xsd
                           http://awareness.ics.uci.edu/~rsilvafi/yancees/xsd/architecture.xsd"
       xmlns:xsi="http://www.w3.org/2001/XMLSchema-instance"
       xmlns:arch="http://awareness.ics.uci.edu/~rsilvafi/yancees/xsd/architecture.xsd">

   <arch:dispatcher xsi:type="arch:DispatcherConfigurationType">

      <arch:server xsi:type="arch:NotificationServerType">
		   <arch:name>switch.server</arch:name>
         <arch:uri> </arch:uri>
		</arch:server>

	   <arch:adapter xsi:type="arch:JavaClassFile">
         <arch:javaClassName xsi:type="arch:JavaClassName">
			   edu.uci.isr.yancees.server.dispatcher.switcher.FastSwitcherAdapter
		   </arch:javaClassName>
		</arch:adapter>

   </arch:dispatcher>
 

   <arch:subscription xsi:type="arch:SubscriptionConfigurationType">

		<arch:plugin xsi:type="arch:PluginDescriptorType">
			<arch:name>
	   		require.plugin
   		</arch:name>
         <arch:description>
	   		This is a topic-based routing plug-in
   		</arch:description>
			<arch:mainClass xsi:type="arch:JavaClassFile">
			   <arch:javaClassName xsi:type="arch:JavaClassName">
				   edu.uci.isr.yancees.server.plugin.subscription.require.RequirePlugin
			   </arch:javaClassName>
		   </arch:mainClass>
		   <arch:factoryClass xsi:type="arch:JavaClassFile">
			   <arch:javaClassName xsi:type="arch:JavaClassName">
				   edu.uci.isr.yancees.server.plugin.subscription.require.RequirePluginFactory
			   </arch:javaClassName>
		   </arch:factoryClass>
		</arch:plugin>		

	</arch:subscription>
		
   <arch:notification xsi:type="arch:NotificationConfigurationType">

	   <arch:plugin xsi:type="arch:PluginDescriptorType">
			<arch:name>
	   		push.plugin
   		</arch:name>
         <arch:description>
	   		This is a push plug-in
   		</arch:description>
			<arch:mainClass xsi:type="arch:JavaClassFile">
			   <arch:javaClassName xsi:type="arch:JavaClassName">
				   edu.uci.isr.yancees.server.plugin.notification.push.PushPlugin
			   </arch:javaClassName>
		   </arch:mainClass>
		   <arch:factoryClass xsi:type="arch:JavaClassFile">
			   <arch:javaClassName xsi:type="arch:JavaClassName">
				   edu.uci.isr.yancees.server.plugin.notification.push.PushPluginFactory
			   </arch:javaClassName>
		   </arch:factoryClass>
		</arch:plugin>

   </arch:notification>

</arch:architecture>
