Concern Name,DOSC,DOSM,CDC,CDO,SLOC
EXT_CORBANS_Event,0.942,0.995,31,438,5710
Event,0.911,0.993,18,303,4128
Any,0.884,0.992,14,208,2851
Property,0.843,0.986,10,134,1977
StructuredEvent,0.931,0.995,23,361,4781
EXT_CORBANS_Notification,0.613,0.966,9,99,1413
EXT_CORBANS_Protocol,0.925,0.996,26,486,5926
EXT_CORBANS_Publication,0.847,0.99,8,160,1941
EXT_CORBANS_Routing&Matching,0.524,0.961,8,60,629
EXT_CORBANS_Subscription_Language,0.251,0.959,6,46,800
EXT_CORBANS_Subscriptoin_API,0.921,0.995,22,387,5235
EXT_CORBANS_Event_ALL,0.942,0.995,31,438,5710
