<?xml version="1.0" encoding="utf-8" ?>

<!--
	XML subscription Parser Test
-->

<arch:architecture xsi:type="arch:ArchitectureConfigurationType"
       xsi:schemaLocation="http://awareness.ics.uci.edu/~rsilvafi/yancees/xsd/architecture.xsd
                           http://awareness.ics.uci.edu/~rsilvafi/yancees/xsd/architecture.xsd"
       xmlns:xsi="http://www.w3.org/2001/XMLSchema-instance"
       xmlns:arch="http://awareness.ics.uci.edu/~rsilvafi/yancees/xsd/architecture.xsd">

   <arch:dispatcher xsi:type="arch:DispatcherConfigurationType">

      <arch:server xsi:type="arch:NotificationServerType">
		   <arch:name>siena.server</arch:name>
         <arch:uri>tcp:localhost:1234</arch:uri>
		</arch:server>

	   <arch:adapter xsi:type="arch:JavaClassFile">
         <arch:javaClassName xsi:type="arch:JavaClassName">
			   edu.uci.isr.yancees.server.dispatcher.siena.SienaLocalAdapter
		   </arch:javaClassName>
		</arch:adapter>

   </arch:dispatcher>

   <arch:dispatcher xsi:type="arch:DispatcherConfigurationType">

      <arch:server xsi:type="arch:NotificationServerType">
		   <arch:name>switch.server</arch:name>
         <arch:uri> </arch:uri>
		</arch:server>

	   <arch:adapter xsi:type="arch:JavaClassFile">
         <arch:javaClassName xsi:type="arch:JavaClassName">
			   edu.uci.isr.yancees.server.dispatcher.switcher.FastSwitcherAdapter
		   </arch:javaClassName>
		</arch:adapter>

   </arch:dispatcher>
 

   <arch:subscription xsi:type="arch:SubscriptionConfigurationType">

		<arch:plugin xsi:type="arch:PluginDescriptorType">
			<arch:name>
	   		require.plugin
   		</arch:name>
         <arch:description>
	   		This is a topic-based routing plug-in
   		</arch:description>
			<arch:mainClass xsi:type="arch:JavaClassFile">
			   <arch:javaClassName xsi:type="arch:JavaClassName">
				   edu.uci.isr.yancees.server.plugin.subscription.require.RequirePlugin
			   </arch:javaClassName>
		   </arch:mainClass>
		   <arch:factoryClass xsi:type="arch:JavaClassFile">
			   <arch:javaClassName xsi:type="arch:JavaClassName">
				   edu.uci.isr.yancees.server.plugin.subscription.require.RequirePluginFactory
			   </arch:javaClassName>
		   </arch:factoryClass>
		</arch:plugin>		

		<arch:plugin xsi:type="arch:PluginDescriptorType">
			<arch:name>
	   		filter.plugin
   		</arch:name>
         <arch:description>
	   		This is a content-based filtering plug-in
   		</arch:description>
			<arch:mainClass xsi:type="arch:JavaClassFile">
			   <arch:javaClassName xsi:type="arch:JavaClassName">
				   edu.uci.isr.yancees.server.plugin.subscription.filter.FilterPlugin
			   </arch:javaClassName>
		   </arch:mainClass>
		   <arch:factoryClass xsi:type="arch:JavaClassFile">
			   <arch:javaClassName xsi:type="arch:JavaClassName">
				   edu.uci.isr.yancees.server.plugin.subscription.filter.FilterPluginFactory
			   </arch:javaClassName>
		   </arch:factoryClass>
		</arch:plugin>

		<arch:plugin xsi:type="arch:PluginDescriptorType">
			<arch:name>
	   		and.correlation.plugin
   		</arch:name>
         <arch:description>
	   		This is a sequence detection plug-in that handles ANDs
   		</arch:description>
			<arch:mainClass xsi:type="arch:JavaClassFile">
			   <arch:javaClassName xsi:type="arch:JavaClassName">
				   edu.uci.isr.yancees.server.plugin.subscription.correlation.AndPlugin
			   </arch:javaClassName>
		   </arch:mainClass>
		   <arch:factoryClass xsi:type="arch:JavaClassFile">
			   <arch:javaClassName xsi:type="arch:JavaClassName">
				   edu.uci.isr.yancees.server.plugin.subscription.correlation.AndPluginFactory
			   </arch:javaClassName>
		   </arch:factoryClass>
         <arch:depends>
				filter.plugin
         </arch:depends>
		</arch:plugin>

		<arch:plugin xsi:type="arch:PluginDescriptorType">
			<arch:name>
	   		or.correlation.plugin
   		</arch:name>
         <arch:description>
	   		This is a sequence detection plug-in that handles ORs
   		</arch:description>
			<arch:mainClass xsi:type="arch:JavaClassFile">
			   <arch:javaClassName xsi:type="arch:JavaClassName">
				   edu.uci.isr.yancees.server.plugin.subscription.correlation.OrPlugin
			   </arch:javaClassName>
		   </arch:mainClass>
		   <arch:factoryClass xsi:type="arch:JavaClassFile">
			   <arch:javaClassName xsi:type="arch:JavaClassName">
				   edu.uci.isr.yancees.server.plugin.subscription.correlation.OrPluginFactory
			   </arch:javaClassName>
		   </arch:factoryClass>
         <arch:depends>
				filter.plugin
         </arch:depends>
		</arch:plugin>

		<arch:plugin xsi:type="arch:PluginDescriptorType">
			<arch:name>
	   		then.correlation.plugin
   		</arch:name>
         <arch:description>
	   		This is a sequence detection plug-in that handles THENs
   		</arch:description>
			<arch:mainClass xsi:type="arch:JavaClassFile">
			   <arch:javaClassName xsi:type="arch:JavaClassName">
				   edu.uci.isr.yancees.server.plugin.subscription.correlation.ThenPlugin
			   </arch:javaClassName>
		   </arch:mainClass>
		   <arch:factoryClass xsi:type="arch:JavaClassFile">
			   <arch:javaClassName xsi:type="arch:JavaClassName">
				   edu.uci.isr.yancees.server.plugin.subscription.correlation.ThenPluginFactory
			   </arch:javaClassName>
		   </arch:factoryClass>
         <arch:depends>
				filter.plugin
         </arch:depends>
		</arch:plugin>

     <arch:plugin xsi:type="arch:PluginDescriptorType">
			<arch:name>
	   		sequence.plugin
   		</arch:name>
         <arch:description>
	   		This is an alternative sequence detection plug-in which is equivalent to THEN,
	   		but does not have timing constraints
   		</arch:description>
			<arch:mainClass xsi:type="arch:JavaClassFile">
			   <arch:javaClassName xsi:type="arch:JavaClassName">
				   edu.uci.isr.yancees.server.plugin.subscription.sequence.SequencePlugin
			   </arch:javaClassName>
		   </arch:mainClass>
		   <arch:factoryClass xsi:type="arch:JavaClassFile">
			   <arch:javaClassName xsi:type="arch:JavaClassName">
				   edu.uci.isr.yancees.server.plugin.subscription.sequence.SequencePluginFactory
			   </arch:javaClassName>
		   </arch:factoryClass>
         <arch:depends>
				filter.plugin
         </arch:depends>
		</arch:plugin>

		<arch:plugin xsi:type="arch:PluginDescriptorType">
			<arch:name>
	   		rule.plugin
   		</arch:name>
         <arch:description>
	   		This is a rule executor plug-in
   		</arch:description>
			<arch:mainClass xsi:type="arch:JavaClassFile">
			   <arch:javaClassName xsi:type="arch:JavaClassName">
				   edu.uci.isr.yancees.server.plugin.subscription.rule.RulePlugin
			   </arch:javaClassName>
		   </arch:mainClass>
		   <arch:factoryClass xsi:type="arch:JavaClassFile">
			   <arch:javaClassName xsi:type="arch:JavaClassName">
				   edu.uci.isr.yancees.server.plugin.subscription.rule.RulePluginFactory
			   </arch:javaClassName>
		   </arch:factoryClass>
         <arch:depends>
				filter.plugin
         </arch:depends>
		</arch:plugin>

   </arch:subscription>



   <arch:notification xsi:type="arch:NotificationConfigurationType">

	   <arch:plugin xsi:type="arch:PluginDescriptorType">
			<arch:name>
	   		pull.plugin
   		</arch:name>
         <arch:description>
	   		This is a pull plug-in
   		</arch:description>
			<arch:mainClass xsi:type="arch:JavaClassFile">
			   <arch:javaClassName xsi:type="arch:JavaClassName">
				   edu.uci.isr.yancees.server.plugin.notification.pull.PullPlugin
			   </arch:javaClassName>
		   </arch:mainClass>
		   <arch:factoryClass xsi:type="arch:JavaClassFile">
			   <arch:javaClassName xsi:type="arch:JavaClassName">
				   edu.uci.isr.yancees.server.plugin.notification.pull.PullPluginFactory
			   </arch:javaClassName>
		   </arch:factoryClass>
      </arch:plugin>

	   <arch:plugin xsi:type="arch:PluginDescriptorType">
			<arch:name>
	   		push.plugin
   		</arch:name>
         <arch:description>
	   		This is a push plug-in
   		</arch:description>
			<arch:mainClass xsi:type="arch:JavaClassFile">
			   <arch:javaClassName xsi:type="arch:JavaClassName">
				   edu.uci.isr.yancees.server.plugin.notification.push.PushPlugin
			   </arch:javaClassName>
		   </arch:mainClass>
		   <arch:factoryClass xsi:type="arch:JavaClassFile">
			   <arch:javaClassName xsi:type="arch:JavaClassName">
				   edu.uci.isr.yancees.server.plugin.notification.push.PushPluginFactory
			   </arch:javaClassName>
		   </arch:factoryClass>
		</arch:plugin>

   </arch:notification>



   <arch:protocol xsi:type="arch:ProtocolConfigurationType">

	   <!--
	   	<arch:plugin xsi:type="arch:PluginDescriptorType">
			<arch:name>
	   		mobility.plugin
   		</arch:name>
         <arch:description>
	   		This is a mobility protocol plug-in
   		</arch:description>
			<arch:mainClass xsi:type="arch:JavaClassFile">
			   <arch:javaClassName xsi:type="arch:JavaClassName">
				   edu.uci.isr.yancees.server.plugin.protocol.mobility.MobilityProtocolPlugin
			   </arch:javaClassName>
		   </arch:mainClass>
		   <arch:factoryClass xsi:type="arch:JavaClassFile">
			   <arch:javaClassName xsi:type="arch:JavaClassName">
				   edu.uci.isr.yancees.server.plugin.protocol.mobility.MobilityProtocolPluginFactory
			   </arch:javaClassName>
		   </arch:factoryClass>
		</arch:plugin>
		-->
			
		<!--
		<arch:plugin>
		<arch:plugin xsi:type="arch:PluginDescriptorType">
			<arch:name>
	   		poll.plugin
   		</arch:name>
         <arch:description>
	   		This is a mobility protocol plug-in
   		</arch:description>
			<arch:mainClass xsi:type="arch:JavaClassFile">
			   <arch:javaClassName xsi:type="arch:JavaClassName">
				   edu.uci.isr.yancees.server.plugin.protocol.polling.PollProtocolPlugin
			   </arch:javaClassName>
		   </arch:mainClass>
		   <arch:factoryClass xsi:type="arch:JavaClassFile">
			   <arch:javaClassName xsi:type="arch:JavaClassName">
				   edu.uci.isr.yancees.server.plugin.protocol.polling.PollProtocolPluginFactory
			   </arch:javaClassName>
		   </arch:factoryClass>
         <arch:depends>
				pull.plugin
         </arch:depends>
		</arch:plugin>
		
		-->
		
	<arch:plugin xsi:type="arch:PluginDescriptorType">
		<arch:name> peer.publish.plugin </arch:name>
		<arch:description> This is allows other YANCEES peers to propagate 
			messages </arch:description>
		<arch:mainClass xsi:type="arch:JavaClassFile">
			<arch:javaClassName xsi:type="arch:JavaClassName"> 
				edu.uci.isr.yancees.server.plugin.protocol.peerpublish.RemotePeerPublishPluginImplementation 
				</arch:javaClassName>
		</arch:mainClass>
		<arch:factoryClass xsi:type="arch:JavaClassFile">
			<arch:javaClassName xsi:type="arch:JavaClassName"> 
				edu.uci.isr.yancees.server.plugin.protocol.peerpublish.PeerPublishPluginFactory 
				</arch:javaClassName>
		</arch:factoryClass>
	</arch:plugin>
				
	</arch:protocol>


	
	<arch:inputFilters xsi:type="arch:FilterConfigurationType">

		<arch:filter xsi:type="arch:FilterDescriptionType">
			<arch:name>
	   		peer_publish.input
   		</arch:name>
         <arch:description>
	   		This filter redirects all events published to the peers of the network
   		</arch:description>
			<arch:mainClass xsi:type="arch:JavaClassFile">
			   <arch:javaClassName xsi:type="arch:JavaClassName">
				   edu.uci.isr.yancees.server.filter.peerpublisher.PeerPublisherInputFilter
			   </arch:javaClassName>
		   </arch:mainClass>
		</arch:filter>


		<arch:filter xsi:type="arch:FilterDescriptionType">
			<arch:name>
	   		performance.input
   		</arch:name>
         <arch:description>
	   		This is a performance collector filter
   		</arch:description>
			<arch:mainClass xsi:type="arch:JavaClassFile">
			   <arch:javaClassName xsi:type="arch:JavaClassName">
				   edu.uci.isr.yancees.server.filter.performance.InputPerformanceFilter
			   </arch:javaClassName>
		   </arch:mainClass>
		</arch:filter>

	</arch:inputFilters>
	
	
	
		
	<arch:outputFilters xsi:type="arch:FilterConfigurationType">

		<arch:filter xsi:type="arch:FilterDescriptionType">
			<arch:name>
	   		performance.output
   		</arch:name>
         <arch:description>
	   		This is a performance collector filter
   		</arch:description>
			<arch:mainClass xsi:type="arch:JavaClassFile">
			   <arch:javaClassName xsi:type="arch:JavaClassName">
				   edu.uci.isr.yancees.server.filter.performance.OutputPerformanceFilter
			   </arch:javaClassName>
		   </arch:mainClass>
		</arch:filter>

	</arch:outputFilters>
	
	
	
	
	<arch:services xsi:type="arch:ServicesConfigurationType">
		
		<arch:service xsi:type="arch:ServiceDescriptionType">
			<arch:name> jmdns.service </arch:name>
			<arch:description> Collects information from other yancees instances currently running
			</arch:description>
			<arch:mainClass xsi:type="arch:JavaClassFile">
				<arch:javaClassName xsi:type="arch:JavaClassName"> 
					edu.uci.isr.yancees.server.service.jmdns.JmDNSService 
				</arch:javaClassName>
			</arch:mainClass>
		</arch:service>
		
	</arch:services>	


</arch:architecture>
