Concern Name,DOSC,DOSM,CDC,CDO,SLOC
"YANCEES_ESS_Event",0.109,0.946,2,38,310
"YANCEES_ESS_Notification",0.775,0.906,5,13,84
"YANCEES_ESS_Protocol",0.727,0.958,5,39,208
"YANCEES_ESS_Publication",0.845,0.977,10,77,379
"YANCEES_ESS_Routing",0.507,0.962,5,41,181
"YANCEES_ESS_Subscription",0.762,0.933,7,48,328
"YANCEES_ACC_CM",0.784,0.976,27,146,1649
"Automation",0.739,0.972,23,128,1472
"Builder",0.442,0.947,3,57,991
"Parsing",0.093,0.933,5,48,750
"YANCEES_ACC_Config&Connect",0.596,0.948,4,31,134
"YANCEES_ACC_ExtensionPoints",0.833,0.978,17,96,355
"YANCEES_ACC_ExtensionPointsFactory",0.739,0.894,5,11,50
"YANCEES_ACC_ParsingUtil",0.341,0.954,3,42,584
"YANCEES_ACC_Reflection&Registry",0.618,0.966,12,94,1208
"YANCEES_ACC_Distribution",0.806,0.978,11,93,939
"YANCEES_ACC_Services",0.384,0.810,2,7,27
"YANCEES_ACC_UserTemplates",0.749,0.969,11,53,323
"YANCEES_ACC_Threading",0.000,0.777,1,5,138
