<?xml version="1.0" encoding="utf-8" ?>

<!--
	XML subscription Parser Test
-->

<arch:architecture xsi:type="arch:ArchitectureConfigurationType"
	xsi:schemaLocation="http://awareness.ics.uci.edu/~rsilvafi/yancees/xsd/architecture.xsd
                           http://awareness.ics.uci.edu/~rsilvafi/yancees/xsd/architecture.xsd"
	xmlns:xsi="http://www.w3.org/2001/XMLSchema-instance"
	xmlns:arch="http://awareness.ics.uci.edu/~rsilvafi/yancees/xsd/architecture.xsd">

	<arch:dispatcher xsi:type="arch:DispatcherConfigurationType">

		<arch:server xsi:type="arch:NotificationServerType">
			<arch:name>siena.server</arch:name>
			<arch:uri>tcp:localhost:1234</arch:uri>
		</arch:server>

		<arch:adapter xsi:type="arch:JavaClassFile">
			<arch:javaClassName xsi:type="arch:JavaClassName">
				edu.uci.isr.yancees.server.dispatcher.siena.SienaLocalAdapter
			</arch:javaClassName>
		</arch:adapter>

	</arch:dispatcher>

<!--
	Subscription plug-ins go here
-->
	<arch:subscription xsi:type="arch:SubscriptionConfigurationType">

		<arch:plugin xsi:type="arch:PluginDescriptorType">
			<arch:name>event.filter.plugin</arch:name>
			<arch:description>
				This is a content-based filtering plug-in
			</arch:description>
			<arch:mainClass xsi:type="arch:JavaClassFile">
				<arch:javaClassName xsi:type="arch:JavaClassName">
					edu.uci.isr.yancees.server.plugin.subscription.filter.FilterPlugin
				</arch:javaClassName>
			</arch:mainClass>
			<arch:factoryClass xsi:type="arch:JavaClassFile">
				<arch:javaClassName xsi:type="arch:JavaClassName">
					edu.uci.isr.yancees.server.plugin.subscription.filter.FilterPluginFactory
				</arch:javaClassName>
			</arch:factoryClass>
			<arch:depends>
				siena.server
			</arch:depends>
		</arch:plugin>

		<arch:plugin xsi:type="arch:PluginDescriptorType">
			<arch:name>state.filter.plugin</arch:name>
			<arch:description>
				This is a tuple space trigger
			</arch:description>
			<arch:mainClass xsi:type="arch:JavaClassFile">
				<arch:javaClassName xsi:type="arch:JavaClassName">
					edu.uci.isr.yancees.server.plugin.subscription.edemstatefilter.StateFilterPlugin
				</arch:javaClassName>
			</arch:mainClass>
			<arch:factoryClass xsi:type="arch:JavaClassFile">
				<arch:javaClassName xsi:type="arch:JavaClassName">
					edu.uci.isr.yancees.server.plugin.subscription.edemstatefilter.StateFilterPluginFactory
				</arch:javaClassName>
			</arch:factoryClass>
			<arch:depends>
				tuplespace.service
			</arch:depends>

		</arch:plugin>

        <arch:plugin xsi:type="arch:PluginDescriptorType">
			<arch:name> guard.plugin </arch:name>
			<arch:description>
				This is guard expression evaluator
			</arch:description>
			<arch:mainClass xsi:type="arch:JavaClassFile">
				<arch:javaClassName xsi:type="arch:JavaClassName">
					edu.uci.isr.yancees.server.plugin.subscription.edemguard.GuardPlugin
				</arch:javaClassName>
			</arch:mainClass>
			<arch:factoryClass xsi:type="arch:JavaClassFile">
				<arch:javaClassName xsi:type="arch:JavaClassName">
					edu.uci.isr.yancees.server.plugin.subscription.edemguard.GuardPluginFactory
				</arch:javaClassName>
			</arch:factoryClass>
		</arch:plugin>


		<arch:plugin xsi:type="arch:PluginDescriptorType">
			<arch:name>pattern.plugin</arch:name>
			<arch:description>
				This is the EDEM pattern pulug-in that handles disjunction, conjunction and sequence
			</arch:description>
			<arch:mainClass xsi:type="arch:JavaClassFile">
				<arch:javaClassName xsi:type="arch:JavaClassName">
					edu.uci.isr.yancees.server.plugin.subscription.edempattern.PatternPlugin
				</arch:javaClassName>
			</arch:mainClass>
			<arch:factoryClass xsi:type="arch:JavaClassFile">
				<arch:javaClassName xsi:type="arch:JavaClassName">
					edu.uci.isr.yancees.server.plugin.subscription.edempattern.PatternPluginFactory
				</arch:javaClassName>
			</arch:factoryClass>
			<arch:depends>
				event.filter.plugin
			    state.filter.plugin
			</arch:depends>
		</arch:plugin>

		<arch:plugin xsi:type="arch:PluginDescriptorType">
			<arch:name>rule.plugin</arch:name>
			<arch:description>
				This is a rule executor plug-in
			</arch:description>
			<arch:mainClass xsi:type="arch:JavaClassFile">
				<arch:javaClassName xsi:type="arch:JavaClassName">
					edu.uci.isr.yancees.server.plugin.subscription.edemrule.RulePlugin
				</arch:javaClassName>
			</arch:mainClass>
			<arch:factoryClass xsi:type="arch:JavaClassFile">
				<arch:javaClassName xsi:type="arch:JavaClassName">
					edu.uci.isr.yancees.server.plugin.subscription.edemrule.RulePluginFactory
				</arch:javaClassName>
			</arch:factoryClass>
			<arch:depends>
				event.filter.plugin
			    state.filter.plugin
			    guard.plugin
			</arch:depends>
		</arch:plugin>

	</arch:subscription>

<!--
	Notification plug-ins go here
-->

	<arch:notification xsi:type="arch:NotificationConfigurationType">

		<arch:plugin xsi:type="arch:PluginDescriptorType">
			<arch:name>push.plugin</arch:name>
			<arch:description>This is a push plug-in</arch:description>
			<arch:mainClass xsi:type="arch:JavaClassFile">
				<arch:javaClassName xsi:type="arch:JavaClassName">
					edu.uci.isr.yancees.server.plugin.notification.push.PushPlugin
				</arch:javaClassName>
			</arch:mainClass>
			<arch:factoryClass xsi:type="arch:JavaClassFile">
				<arch:javaClassName xsi:type="arch:JavaClassName">
					edu.uci.isr.yancees.server.plugin.notification.push.PushPluginFactory
				</arch:javaClassName>
			</arch:factoryClass>
		</arch:plugin>

	</arch:notification>

<!--
	Protocol plug-ins go here
-->

	<arch:protocol xsi:type="arch:ProtocolConfigurationType">

		<arch:plugin xsi:type="arch:PluginDescriptorType">
			<arch:name>tuplespace.protocol.plugin</arch:name>
			<arch:description>
				Provides a tuple space plug-in interface to YANCEES
			</arch:description>
			<arch:mainClass xsi:type="arch:JavaClassFile">
				<arch:javaClassName xsi:type="arch:JavaClassName">
					edu.uci.isr.yancees.server.plugin.protocol.tuplespace.RemoteTupleSpacePluginImplementation
				</arch:javaClassName>
			</arch:mainClass>
			<arch:factoryClass xsi:type="arch:JavaClassFile">
				<arch:javaClassName xsi:type="arch:JavaClassName">
					edu.uci.isr.yancees.server.plugin.protocol.tuplespace.TupleSpaceProtocolPluginFactory
				</arch:javaClassName>
			</arch:factoryClass>
			<arch:depends>
				tuplespace.service
			</arch:depends>
		</arch:plugin>

	</arch:protocol>

<!--
	Input filters  go here
-->

	<arch:inputFilters xsi:type="arch:FilterConfigurationType">

<!--
		<arch:filter xsi:type="arch:FilterDescriptionType">
			<arch:name>peer_publish.input</arch:name>
			<arch:description>
				This filter redirects all events published to the peers
				of the network
			</arch:description>
			<arch:mainClass xsi:type="arch:JavaClassFile">
				<arch:javaClassName xsi:type="arch:JavaClassName">
					edu.uci.isr.yancees.server.filter.peerpublisher.PeerPublisherInputFilter
				</arch:javaClassName>
			</arch:mainClass>
		</arch:filter>
-->
	</arch:inputFilters>


<!--
	Output (notification) filters  go here
-->


	<arch:outputFilters xsi:type="arch:FilterConfigurationType">

<!--
		<arch:filter xsi:type="arch:FilterDescriptionType">
			<arch:name>performance.output</arch:name>
			<arch:description>
				This is a performance collector filter
			</arch:description>
			<arch:mainClass xsi:type="arch:JavaClassFile">
				<arch:javaClassName xsi:type="arch:JavaClassName">
					edu.uci.isr.yancees.server.filter.performance.OutputPerformanceFilter
				</arch:javaClassName>
			</arch:mainClass>
		</arch:filter>
 -->

	</arch:outputFilters>

<!--
	Static plug-ins (or services) declaration
-->

	<arch:services xsi:type="arch:ServicesConfigurationType">

		<arch:service xsi:type="arch:ServiceDescriptionType">
			<arch:name>tuplespace.service</arch:name>
			<arch:description>
				Provides a simplified tuple space implementation
			</arch:description>
			<arch:mainClass xsi:type="arch:JavaClassFile">
				<arch:javaClassName xsi:type="arch:JavaClassName">
					edu.uci.isr.yancees.server.service.edemtuplespace.TupleSpace
				</arch:javaClassName>
			</arch:mainClass>
		</arch:service>

	</arch:services>


</arch:architecture>
