<?xml version="1.0" encoding="utf-8" ?>

<!--
	XML subscription Parser Test
-->
<arch:architecture xsi:type="arch:ArchitectureConfigurationType"
	xsi:schemaLocation="http://awareness.ics.uci.edu/~rsilvafi/yancees/xsd/architecture.xsd
                           http://awareness.ics.uci.edu/~rsilvafi/yancees/xsd/architecture.xsd"
	xmlns:xsi="http://www.w3.org/2001/XMLSchema-instance"
	xmlns:arch="http://awareness.ics.uci.edu/~rsilvafi/yancees/xsd/architecture.xsd">
	<arch:dispatcher xsi:type="arch:DispatcherConfigurationType">
		<arch:server xsi:type="arch:NotificationServerType">
			<arch:name>siena.server</arch:name>
			<arch:uri>tcp:localhost:1234</arch:uri>
		</arch:server>
		<arch:adapter xsi:type="arch:JavaClassFile">
			<arch:javaClassName xsi:type="arch:JavaClassName">
				edu.uci.isr.yancees.server.dispatcher.siena.SienaLocalAdapter 
			</arch:javaClassName>
		</arch:adapter>
	</arch:dispatcher>
<!-- 	
	<arch:dispatcher xsi:type="arch:DispatcherConfigurationType">
		<arch:server xsi:type="arch:NotificationServerType">
			<arch:name>switch.server</arch:name>
			<arch:uri> </arch:uri>
		</arch:server>
		<arch:adapter xsi:type="arch:JavaClassFile">
			<arch:javaClassName xsi:type="arch:JavaClassName">
				edu.uci.isr.yancees.server.dispatcher.switcher.FastSwitcherAdapter 
			</arch:javaClassName>
		</arch:adapter>
	</arch:dispatcher>
 -->	
	<arch:subscription xsi:type="arch:SubscriptionConfigurationType">
		<arch:plugin xsi:type="arch:PluginDescriptorType">
			<arch:name> require.plugin </arch:name>
			<arch:description> This is a topic-based routing plug-in 
			</arch:description>
			<arch:mainClass xsi:type="arch:JavaClassFile">
				<arch:javaClassName xsi:type="arch:JavaClassName">
					edu.uci.isr.yancees.server.plugin.subscription.require.RequirePlugin 
				</arch:javaClassName>
			</arch:mainClass>
			<arch:factoryClass xsi:type="arch:JavaClassFile">
				<arch:javaClassName xsi:type="arch:JavaClassName">
					edu.uci.isr.yancees.server.plugin.subscription.require.RequirePluginFactory 
				</arch:javaClassName>
			</arch:factoryClass>
		</arch:plugin>
	
		<arch:plugin xsi:type="arch:PluginDescriptorType">
			<arch:name> filter.plugin </arch:name>
			<arch:description> This is a content-based filtering plug-in 
			</arch:description>
			<arch:mainClass xsi:type="arch:JavaClassFile">
				<arch:javaClassName xsi:type="arch:JavaClassName">
					edu.uci.isr.yancees.server.plugin.subscription.filter.FilterPlugin 
				</arch:javaClassName>
			</arch:mainClass>
			<arch:factoryClass xsi:type="arch:JavaClassFile">
				<arch:javaClassName xsi:type="arch:JavaClassName">
					edu.uci.isr.yancees.server.plugin.subscription.filter.FilterPluginFactory 
				</arch:javaClassName>
			</arch:factoryClass>
		</arch:plugin>
	
	</arch:subscription>
	
	<arch:notification xsi:type="arch:NotificationConfigurationType">
	
	<arch:plugin xsi:type="arch:PluginDescriptorType">
			<arch:name> push.plugin </arch:name>
			<arch:description> This is a push plug-in </arch:description>
			<arch:mainClass xsi:type="arch:JavaClassFile">
				<arch:javaClassName xsi:type="arch:JavaClassName">
					edu.uci.isr.yancees.server.plugin.notification.push.PushPlugin 
				</arch:javaClassName>
			</arch:mainClass>
			<arch:factoryClass xsi:type="arch:JavaClassFile">
				<arch:javaClassName xsi:type="arch:JavaClassName">
					edu.uci.isr.yancees.server.plugin.notification.push.PushPluginFactory 
				</arch:javaClassName>
			</arch:factoryClass>
		</arch:plugin>
	</arch:notification>

	<arch:protocol xsi:type="arch:ProtocolConfigurationType">
<!-- 
		<arch:plugin xsi:type="arch:PluginDescriptorType">
			<arch:name> peer.publish.plugin </arch:name>
			<arch:description> This is allows other YANCEES peers to propagate
				messages </arch:description>
			<arch:mainClass xsi:type="arch:JavaClassFile">
				<arch:javaClassName xsi:type="arch:JavaClassName">
					edu.uci.isr.yancees.server.plugin.protocol.peerpublish.RemotePeerPublishPluginImplementation 
				</arch:javaClassName>
			</arch:mainClass>
			<arch:factoryClass xsi:type="arch:JavaClassFile">
				<arch:javaClassName xsi:type="arch:JavaClassName">
					edu.uci.isr.yancees.server.plugin.protocol.peerpublish.PeerPublishPluginFactory 
				</arch:javaClassName>
			</arch:factoryClass>
		</arch:plugin>
-->
	</arch:protocol>

	<arch:inputFilters xsi:type="arch:FilterConfigurationType">

<!-- 
		<arch:filter xsi:type="arch:FilterDescriptionType">
			<arch:name> peer_publish.input </arch:name>
			<arch:description> This filter redirects all events published to the
				peers of the network </arch:description>
			<arch:mainClass xsi:type="arch:JavaClassFile">
				<arch:javaClassName xsi:type="arch:JavaClassName">
					edu.uci.isr.yancees.server.filter.peerpublisher.PeerPublisherInputFilter 
				</arch:javaClassName>
			</arch:mainClass>
		</arch:filter>
 -->
	</arch:inputFilters>

	<arch:outputFilters xsi:type="arch:FilterConfigurationType">
		<arch:filter xsi:type="arch:FilterDescriptionType">
			<arch:name> performance.output </arch:name>
			<arch:description> This is a performance collector filter 
			</arch:description>
			<arch:mainClass xsi:type="arch:JavaClassFile">
				<arch:javaClassName xsi:type="arch:JavaClassName">
					edu.uci.isr.yancees.server.filter.performance.OutputPerformanceFilter 
				</arch:javaClassName>
			</arch:mainClass>
		</arch:filter>
	</arch:outputFilters>

	<arch:services xsi:type="arch:ServicesConfigurationType">

		<arch:service xsi:type="arch:ServiceDescriptionType">
			<arch:name> jmdns.service </arch:name>
			<arch:description> Collects information from other yancees instances
				currently running </arch:description>
			<arch:mainClass xsi:type="arch:JavaClassFile">
				<arch:javaClassName xsi:type="arch:JavaClassName">
					edu.uci.isr.yancees.server.service.jmdns.JmDNSService 
				</arch:javaClassName>
			</arch:mainClass>
		</arch:service>

	</arch:services>
</arch:architecture>