<?xml version="1.0" encoding="utf-8" ?>

<!--
	XML subscription Parser Test
-->

<arch:architecture xsi:type="arch:ArchitectureConfigurationType"
       xsi:schemaLocation="http://awareness.ics.uci.edu/~rsilvafi/yancees/architecture.xsd
                           http://awareness.ics.uci.edu/~rsilvafi/yancees/architecture.xsd"
       xmlns:xsi="http://www.w3.org/2001/XMLSchema-instance"
       xmlns:arch="http://awareness.ics.uci.edu/~rsilvafi/yancees/architecture.xsd">


   <arch:dispatcher xsi:type="arch:DispatcherConfigurationType">

      <arch:server xsi:type="arch:NotificationServerType">
		   <arch:name>siena.server</arch:name>
         <arch:uri>tcp:localhost:1234</arch:uri>
		</arch:server>

	   <arch:adapter xsi:type="arch:JavaClassFile">
         <arch:javaClassName xsi:type="arch:JavaClassName">
			   yancees.core.siena.SienaAdapter
		   </arch:javaClassName>
		</arch:adapter>

		<arch:plugin xsi:type="arch:PluginDescriptorType">
			<arch:name>
	   		siena.plugin
   		</arch:name>
         <arch:description>
	   		This is the plug-in that handles siena subscriptions
   		</arch:description>
			<arch:mainClass xsi:type="arch:JavaClassFile">
			   <arch:javaClassName xsi:type="arch:JavaClassName">
				   yancees.core.siena.SienaPlugin
			   </arch:javaClassName>
		   </arch:mainClass>
		   <arch:factoryClass xsi:type="arch:JavaClassFile">
			   <arch:javaClassName xsi:type="arch:JavaClassName">
				   yancees.core.siena.SienaPluginFactory
			   </arch:javaClassName>
		   </arch:factoryClass>
		</arch:plugin>

   </arch:dispatcher>


   <arch:subscription xsi:type="arch:SubscriptionConfigurationType">

		<arch:plugin xsi:type="arch:PluginDescriptorType">
			<arch:name>
	   		sequence.plugin
   		</arch:name>
         <arch:description>
	   		This is a sequence detection plug-in
   		</arch:description>
			<arch:mainClass xsi:type="arch:JavaClassFile">
			   <arch:javaClassName xsi:type="arch:JavaClassName">
				   yancees.plugin.subscription.sequence.SequencePlugin
			   </arch:javaClassName>
		   </arch:mainClass>
		   <arch:factoryClass xsi:type="arch:JavaClassFile">
			   <arch:javaClassName xsi:type="arch:JavaClassName">
				   yancees.plugin.subscription.sequence.SequencePluginFactory
			   </arch:javaClassName>
		   </arch:factoryClass>
         <arch:depends>
				siena.plugin
         </arch:depends>
		</arch:plugin>

		<arch:plugin xsi:type="arch:PluginDescriptorType">
			<arch:name>
	   		rule.plugin
   		</arch:name>
         <arch:description>
	   		This is a rule executor plug-in
   		</arch:description>
			<arch:mainClass xsi:type="arch:JavaClassFile">
			   <arch:javaClassName xsi:type="arch:JavaClassName">
				   yancees.plugin.subscription.rule.RulePlugin
			   </arch:javaClassName>
		   </arch:mainClass>
		   <arch:factoryClass xsi:type="arch:JavaClassFile">
			   <arch:javaClassName xsi:type="arch:JavaClassName">
				   yancees.plugin.subscription.rule.RulePluginFactory
			   </arch:javaClassName>
		   </arch:factoryClass>
         <arch:depends>
				siena.plugin
         </arch:depends>
		</arch:plugin>

   </arch:subscription>



   <arch:notification xsi:type="arch:NotificationConfigurationType">

	   <arch:plugin xsi:type="arch:PluginDescriptorType">
			<arch:name>
	   		pull.plugin
   		</arch:name>
         <arch:description>
	   		This is a pull plug-in
   		</arch:description>
			<arch:mainClass xsi:type="arch:JavaClassFile">
			   <arch:javaClassName xsi:type="arch:JavaClassName">
				   yancees.plugin.notification.pull.PullPlugin
			   </arch:javaClassName>
		   </arch:mainClass>
		   <arch:factoryClass xsi:type="arch:JavaClassFile">
			   <arch:javaClassName xsi:type="arch:JavaClassName">
				   yancees.plugin.notification.pull.PullPluginFactory
			   </arch:javaClassName>
		   </arch:factoryClass>

      </arch:plugin>

	   <arch:plugin xsi:type="arch:PluginDescriptorType">
			<arch:name>
	   		push.plugin
   		</arch:name>
         <arch:description>
	   		This is a push plug-in
   		</arch:description>
			<arch:mainClass xsi:type="arch:JavaClassFile">
			   <arch:javaClassName xsi:type="arch:JavaClassName">
				   yancees.plugin.notification.push.PushPlugin
			   </arch:javaClassName>
		   </arch:mainClass>
		   <arch:factoryClass xsi:type="arch:JavaClassFile">
			   <arch:javaClassName xsi:type="arch:JavaClassName">
				   yancees.plugin.notification.push.PushPluginFactory
			   </arch:javaClassName>
		   </arch:factoryClass>

		</arch:plugin>

   </arch:notification>



   <arch:protocol xsi:type="arch:ProtocolConfigurationType">

	   <arch:plugin xsi:type="arch:PluginDescriptorType">
			<arch:name>
	   		mobility.plugin
   		</arch:name>
         <arch:description>
	   		This is a mobility protocol plug-in
   		</arch:description>
			<arch:mainClass xsi:type="arch:JavaClassFile">
			   <arch:javaClassName xsi:type="arch:JavaClassName">
				   yancees.plugin.protocol.mobility.MobilityProtocolPlugin
			   </arch:javaClassName>
		   </arch:mainClass>
		   <arch:factoryClass xsi:type="arch:JavaClassFile">
			   <arch:javaClassName xsi:type="arch:JavaClassName">
				   yancees.plugin.protocol.mobility.MobilityProtocolPluginFactory
			   </arch:javaClassName>
		   </arch:factoryClass>
		</arch:plugin>

		<arch:plugin xsi:type="arch:PluginDescriptorType">
			<arch:name>
	   		poll.plugin
   		</arch:name>
         <arch:description>
	   		This is a mobility protocol plug-in
   		</arch:description>
			<arch:mainClass xsi:type="arch:JavaClassFile">
			   <arch:javaClassName xsi:type="arch:JavaClassName">
				   yancees.plugin.protocol.polling.PollProtocolPlugin
			   </arch:javaClassName>
		   </arch:mainClass>
		   <arch:factoryClass xsi:type="arch:JavaClassFile">
			   <arch:javaClassName xsi:type="arch:JavaClassName">
				   yancees.plugin.protocol.polling.PollProtocolPluginFactory
			   </arch:javaClassName>
		   </arch:factoryClass>
         <arch:depends>
				pull.plugin
         </arch:depends>
		</arch:plugin>

	</arch:protocol>
	
	<arch:inputFilters xsi:type="arch:FilterConfigurationType">
		<arch:filter xsi:type="arch:FilterDescriptionType">
			<arch:name>
	   		performance.input
   		</arch:name>
         <arch:description>
	   		This is a performance collector filter
   		</arch:description>
			<arch:mainClass xsi:type="arch:JavaClassFile">
			   <arch:javaClassName xsi:type="arch:JavaClassName">
				   yancees.filter.performance.InputPerformanceFilter
			   </arch:javaClassName>
		   </arch:mainClass>
		</arch:filter>
	</arch:inputFilters>
		
	<arch:outputFilters xsi:type="arch:FilterConfigurationType">
		<arch:filter xsi:type="arch:FilterDescriptionType">
			<arch:name>
	   		performance.output
   		</arch:name>
         <arch:description>
	   		This is a performance collector filter
   		</arch:description>
			<arch:mainClass xsi:type="arch:JavaClassFile">
			   <arch:javaClassName xsi:type="arch:JavaClassName">
				   yancees.filter.performance.OutputPerformanceFilter
			   </arch:javaClassName>
		   </arch:mainClass>
		</arch:filter>
	</arch:outputFilters>
	
	<arch:services xsi:type="arch:ServicesConfigurationType">
		<arch:service xsi:type="arch:ServiceDescriptionType">
			<arch:name>
	   		performance.output
   		</arch:name>
         <arch:description>
	   		This is a performance collector filter
   		</arch:description>
			<arch:mainClass xsi:type="arch:JavaClassFile">
			   <arch:javaClassName xsi:type="arch:JavaClassName">
				   yancees.service.cassiusmodel.CassiusModelService
			   </arch:javaClassName>
		   </arch:mainClass>
		</arch:service>
	</arch:services>	


</arch:architecture>
