<?xml version="1.0" encoding="utf-8" ?>

<!--
	XML subscription Parser Test
-->

<arch:architecture xsi:type="arch:ArchitectureConfigurationType"
       xsi:schemaLocation="http://awareness.ics.uci.edu/~rsilvafi/yancees/xsd/architecture.xsd
                           http://awareness.ics.uci.edu/~rsilvafi/yancees/xsd/architecture.xsd"
       xmlns:xsi="http://www.w3.org/2001/XMLSchema-instance"
       xmlns:arch="http://awareness.ics.uci.edu/~rsilvafi/yancees/xsd/architecture.xsd">


   <arch:dispatcher xsi:type="arch:DispatcherConfigurationType">

      <arch:server xsi:type="arch:NotificationServerType">
		   <arch:name>yancees.server</arch:name>
         <arch:uri>localhost</arch:uri>
		</arch:server>

	   <arch:adapter xsi:type="arch:JavaClassFile">
         <arch:javaClassName xsi:type="arch:JavaClassName">
			   edu.uci.isr.yancees.client.dispatcher.yancees.YanceesAdapter
		   </arch:javaClassName>
		</arch:adapter>

   </arch:dispatcher>

</arch:architecture>
