Concern Name,DOSC,DOSM,CDC,CDO,SLOC
"CORBANS_ACC_Adaptation(Data)",0.851,0.993,11,223,2643
"CORBANS_ACC_Config&Connect",0.945,0.996,26,550,7488
"CORBANS_ACC_Distribution(IDL)",0.987,0.997,109,349,879
"CORBANS_ACC_ErrorRecovery",0.182,0.915,2,21,365
"CORBANS_ACC_Factory(Dynamism)",0.486,0.934,3,24,306
"CORBANS_ACC_Logging",0.760,0.970,6,69,1181
"CORBANS_ESS_Protocol(Management&Monitor)",0.906,0.996,22,422,4519
"CORBANS_ACC_Persistence&Activation",0.937,0.997,22,572,7101
"CORBANS_ACC_Threading",0.719,0.932,7,62,818
"CORBANS_ESS_Event",0.848,0.906,8,17,79
"CORBANS_ESS_Notification",0.917,0.994,25,371,4929
"CORBANS_ESS_Publication",0.841,0.991,8,201,2507
"CORBANS_ESS_Routing&Matching",0.951,0.997,37,574,7042
"CORBANS_ESS_Subscription",0.950,0.996,55,543,8019
"Subscription_API",0.921,0.995,22,387,5235
"Subscription_Parsing&Rep",0.866,0.986,33,156,2784
"CORBANS_ACC_CM",0.934,0.996,22,511,6538
