Concern Name,DOSC,DOSM,CDC,CDO,SLOC
"JavaSpaces_ACC_AccessControl",0.748,0.980,9,78,609
"JavaSpaces_ACC_Config&Connect",0.000,0.000,1,1,131
"JavaSpaces_ACC_Distribution",0.564,0.981,15,173,2501
"JavaSpaces_ACC_Exception",0.746,0.939,12,38,254
"JavaSpaces_ACC_Leasing",0.558,0.980,22,193,2441
"JavaSpaces_ACC_Persistence",0.723,0.940,13,92,611
"JavaSpaces_ACC_Termination",0.468,0.612,2,8,310
"JavaSpaces_ACC_Threading",0.550,0.981,14,189,2438
"JavaSpaces_ACC_Transactions",0.799,0.987,31,284,3764
"JavaSpaces_ESS_Event",0.656,0.915,3,20,309
"JavaSpaces_ESS_Notification",0.649,0.984,22,213,2748
"JavaSpaces_ESS_Protocols(User)",0.585,0.982,17,199,2564
"JavaSpaces_ESS_Publication",0.395,0.974,12,145,2072
"JavaSpaces_ESS_Routing&Matching",0.748,0.988,30,270,3384
"JavaSpaces_ESS_Subscription",0.684,0.985,29,255,2899
"Subscription_API",0.417,0.975,15,158,2111
"Subscription_Parsing",0.663,0.984,23,223,2805
