Concern Name,DOSC,DOSM,CDC,CDO,SLOC
"Jini_LIB_Configuration",0.851,0.985,27,156,2215
"Jini_LIB_Discovery",0.966,0.996,122,599,7193
"Jini_LIB_EventMailbox",0.853,0.989,69,393,5098
"Jini_LIB_Lease",0.920,0.982,20,106,714
"Jini_LIB_LeaseRenewal",0.940,0.995,78,453,4300
"Jini_LIB_Logging",0.722,0.954,11,56,533
"Jini_LIB_LookupRegistry",0.902,0.996,109,639,7506
"Jini_LIB_Lookup&Admin",0.849,0.995,89,525,5256
"Jini_LIB_Persistence",0.490,0.667,2,3,7
"Jini_LIB_RMI-Activation",0.933,0.992,79,363,4618
"Jini_LIB_RMI-Protocol",0.989,0.998,263,1658,20334
"Jini_LIB_Security_Constraints",0.964,0.994,69,430,4472
"Jini_LIB_Startup",0.924,0.985,26,153,1972
"Jini_LIB_Threading",0.931,0.979,23,112,1029
"Jini_LIB_Tooling",0.955,0.994,61,377,6058
"Jini_LIB_Transactions",0.895,0.985,71,316,4085
"Jini_LIB_Utils",0.944,0.990,41,211,1981
