Concern Name,DOSC,DOSM,CDC,CDO,SLOC
"Siena_ACC_Config&Connect",0.561,0.958,3,76,1226
"Siena_ACC_Distribution",0.910,0.992,40,330,3239
"Siena_ACC_Exception",0.045,0.961,3,52,744
"Siena_ACC_Logging",0.325,0.935,2,24,230
"Siena_ESS_Event",0.441,0.955,2,35,259
"Siena_ESS_Notification",0.198,0.405,2,5,45
"Siena_ESS_Protocol",0.504,0.975,4,87,1126
"Siena_ESS_Publication",0.433,0.975,3,86,1048
"Siena_ESS_Routing",0.845,0.953,16,95,1071
"Matching",0.778,0.935,11,74,857
"Sequencer",0.671,0.903,5,21,214
"Siena_ESS_Subscription",0.598,0.981,7,125,1263
"Siena_ACC_Threading",0.450,0.450,2,2,76
