Concern Name,DOSC,DOSM,CDC,CDO,SLOC
"CASSIUS_Siena_Adaptation",0.588,0.918,3,21,395
"CASSIUS_Siena_Config&Connect",0.617,0.890,3,14,143
"CASSIUS_Siena_Distribution",0.759,0.984,13,117,822
"CASSIUS_Siena_Event",0.344,0.883,2,29,136
"CASSIUS_Siena_Factory",0.778,0.977,6,77,453
"CASSIUS_Siena_Glue",0.265,0.847,3,12,100
"CASSIUS_Siena_Notification",0.803,0.976,7,67,532
"CASSIUS_Siena_Protocol",0.800,0.979,11,82,408
"CASSIUS_Siena_Publication",0.763,0.976,6,72,422
"CASSIUS_Siena_Routing",NaN,NaN,0,0,0
"CASSIUS_Siena_Subscription",0.691,0.967,7,50,351
