Concern Name,DOSC,DOSM,CDC,CDO,SLOC
"CASSIUS_JavaSpaces_Adaptation",0.626,0.916,3,21,412
"CASSIUS_JavaSpaces_Config&Connect",0.379,0.930,3,19,205
"CASSIUS_JavaSpaces_Distribution",0.759,0.984,13,117,822
"CASSIUS_JavaSpaces_Event",0.570,0.886,3,31,182
"CASSIUS_JavaSpaces_Factory",0.712,0.976,5,72,434
"CASSIUS_JavaSpaces_Glue",NaN,NaN,0,0,0
"CASSIUS_JavaSpaces_Notification",0.739,0.972,5,57,520
"CASSIUS_JavaSpaces_Protocol",0.800,0.979,11,82,408
"CASSIUS_JavaSpaces_Publication",0.776,0.976,6,80,572
"CASSIUS_JavaSpaces_Routing",NaN,NaN,0,0,0
"CASSIUS_JavaSpaces_Subscription",0.807,0.973,9,73,627
