Concern Name,DOSC,DOSM,CDC,CDO,SLOC
"CASSIUS_Common_Adaptation",NaN,NaN,0,0,0
"CASSIUS_Common_Config&Connect",0.000,0.332,1,2,20
"CASSIUS_Common_Distribution",0.759,0.984,13,117,822
"CASSIUS_Common_Event",0.344,0.883,2,29,136
"CASSIUS_Common_Factory",0.652,0.966,4,44,330
"CASSIUS_Common_Glue",0.445,0.667,2,3,15
"CASSIUS_Common_Notification",0.757,0.972,6,58,447
"CASSIUS_Common_Protocol",0.800,0.979,11,82,408
"CASSIUS_Common_Publication",0.652,0.966,4,44,330
"CASSIUS_Common_Routing",NaN,NaN,0,0,0
"CASSIUS_Common_Subscription",0.755,0.965,8,62,516
