Concern Name,DOSC,DOSM,CDC,CDO,SLOC
"CASSIUS_CORBANS_Adaptation",0.658,0.922,3,22,517
"CASSIUS_CORBANS_Config&Connect",0.612,0.856,3,13,184
"CASSIUS_CORBANS_Distribution",0.759,0.984,13,117,822
"CASSIUS_CORBANS_Event",0.344,0.883,2,29,136
"CASSIUS_CORBANS_Factory",0.780,0.977,6,76,461
"CASSIUS_CORBANS_Glue",0.265,0.847,3,12,100
"CASSIUS_CORBANS_Notification",0.803,0.976,7,67,532
"CASSIUS_CORBANS_Protocol",0.800,0.979,11,82,408
"CASSIUS_CORBANS_Publication",0.763,0.976,6,72,422
"CASSIUS_CORBANS_Routing",NaN,NaN,0,0,0
"CASSIUS_CORBANS_Subscription",0.691,0.967,7,50,351
