Concern Name,DOSC,DOSM,CDC,CDO,SLOC
"CASSIUS_YANCEES_CLIENT_Adaptation",0.485,0.669,2,7,128
"CASSIUS_YANCEES_CLIENT_Config&Connect",0.653,0.974,7,57,535
"CASSIUS_YANCEES_CLIENT_Distribution",NaN,NaN,0,0,0
"CASSIUS_YANCEES_CLIENT_Event",0.344,0.883,2,29,136
"CASSIUS_YANCEES_CLIENT_Factory",0.752,0.985,8,108,707
"CASSIUS_YANCEES_CLIENT_Glue",NaN,NaN,0,0,0
"CASSIUS_YANCEES_CLIENT_Notification",0.504,0.973,5,52,437
"CASSIUS_YANCEES_CLIENT_Protocol",0.732,0.982,12,97,615
"CASSIUS_YANCEES_CLIENT_Publication",0.752,0.985,8,108,707
"CASSIUS_YANCEES_CLIENT_Routing",NaN,NaN,0,0,0
"CASSIUS_YANCEES_CLIENT_Subscription",0.524,0.973,6,54,446
