Concern Name,DOSC,DOSM,CDC,CDO,SLOC
"CASSIUS_YANCEES_SERVER_Adaptation",0.000,0.897,1,19,247
"CASSIUS_YANCEES_SERVER_Config&Connect",0.576,0.974,6,53,475
"CASSIUS_YANCEES_SERVER_Distribution",NaN,NaN,0,0,0
"CASSIUS_YANCEES_SERVER_Event",NaN,NaN,0,0,0
"CASSIUS_YANCEES_SERVER_Factory",0.666,0.855,3,10,64
"CASSIUS_YANCEES_SERVER_Glue",NaN,NaN,0,0,0
"CASSIUS_YANCEES_SERVER_Notification",0.635,0.921,3,20,195
"CASSIUS_YANCEES_SERVER_Protocol",0.763,0.982,8,82,535
"CASSIUS_YANCEES_SERVER_Publication",0.000,0.000,1,1,9
"CASSIUS_YANCEES_SERVER_Routing",NaN,NaN,0,0,0
"CASSIUS_YANCEES_SERVER_Subscription",0.463,0.898,2,14,107
