Concern Name,DOSC,DOSM,CDC,CDO,SLOC
"CASSIUS_BFS_Adaptation",NaN,NaN,0,0,0
"CASSIUS_BFS_Config&Connect",0.000,0.332,1,2,20
"CASSIUS_BFS_Distribution",0.759,0.984,13,117,822
"CASSIUS_BFS_Event",0.344,0.883,2,29,136
"CASSIUS_BFS_Factory",0.763,0.976,6,72,422
"CASSIUS_BFS_Glue",0.331,0.880,3,12,77
"CASSIUS_BFS_Notification",0.757,0.972,6,58,447
"CASSIUS_BFS_Protocol",0.800,0.979,11,82,408
"CASSIUS_BFS_Publication",0.763,0.976,6,72,422
"CASSIUS_BFS_Routing",0.639,0.936,5,35,262
"CASSIUS_BFS_Subscription",0.824,0.972,10,78,756
