Concern Name,DOSC,DOSM,CDC,CDO,SLOC
"EDEM_Siena_Adaptation",0.000,0.480,1,2,23
"EDEM_Siena_Config&Connect",0.465,0.888,2,13,125
"EDEM_Siena_Distribution",0.631,0.973,7,71,585
"EDEM_Siena_Event",0.371,0.914,2,16,65
"EDEM_Siena_Factory",0.656,0.970,4,57,307
"EDEM_Siena_Glue",0.613,0.842,4,12,75
"EDEM_Siena_Notification",0.823,0.964,12,58,407
"EDEM_Siena_Protocol",0.862,0.981,14,103,581
"EDEM_Siena_Publication",0.656,0.970,4,57,307
"EDEM_Siena_Routing",NaN,NaN,0,0,0
"EDEM_Siena_Subscription",0.899,0.983,18,126,844
