Concern Name,DOSC,DOSM,CDC,CDO,SLOC
"EDEM_YANCEES_CLIENT_Adaptation",0.686,0.966,5,48,461
"EDEM_YANCEES_CLIENT_Config&Connect",0.566,0.955,4,41,367
"EDEM_YANCEES_CLIENT_Distribution",NaN,NaN,0,0,0
"EDEM_YANCEES_CLIENT_Event",0.371,0.914,2,16,65
"EDEM_YANCEES_CLIENT_Factory",0.494,0.961,4,55,331
"EDEM_YANCEES_CLIENT_Glue",NaN,NaN,0,0,0
"EDEM_YANCEES_CLIENT_Notification",0.791,0.954,12,51,334
"EDEM_YANCEES_CLIENT_Protocol",0.682,0.971,12,87,423
"EDEM_YANCEES_CLIENT_Publication",0.494,0.961,4,55,331
"EDEM_YANCEES_CLIENT_Routing",NaN,NaN,0,0,0
"EDEM_YANCEES_CLIENT_Subscription",0.880,0.982,20,141,816
