Concern Name,DOSC,DOSM,CDC,CDO,SLOC
"EDEM_BFS_Adaptation",NaN,NaN,0,0,0
"EDEM_BFS_Config&Connect",NaN,NaN,0,0,0
"EDEM_BFS_Distribution",0.631,0.973,7,71,585
"EDEM_BFS_Event",0.371,0.914,2,16,65
"EDEM_BFS_Factory",0.606,0.965,4,52,264
"EDEM_BFS_Glue",0.613,0.842,4,12,75
"EDEM_BFS_Notification",0.821,0.963,12,58,382
"EDEM_BFS_Protocol",0.862,0.981,14,103,581
"EDEM_BFS_Publicatoin",0.606,0.965,4,52,264
"EDEM_BFS_Routing",0.269,0.815,3,11,79
"EDEM_BFS_Subscription",0.897,0.982,18,126,819
