Concern Name,DOSC,DOSM,CDC,CDO,SLOC
"EDEM_CORBANS_Adaptation",0.500,0.743,2,4,181
"EDEM_CORBANS_Config&Connect",0.499,0.847,2,12,164
"EDEM_CORBANS_Distribution",0.631,0.973,7,71,585
"EDEM_CORBANS_Event",0.371,0.914,2,16,65
"EDEM_CORBANS_Factory",0.659,0.969,4,56,313
"EDEM_CORBANS_Glue",0.613,0.842,4,12,75
"EDEM_CORBANS_Notification",0.835,0.937,13,64,510
"EDEM_CORBANS_Protocol",0.862,0.981,14,103,581
"EDEM_CORBANS_Publication",0.659,0.969,4,56,313
"EDEM_CORBANS_Routing",NaN,NaN,0,0,0
"EDEM_CORBANS_Subscription",0.904,0.976,19,132,947
