Concern Name,DOSC,DOSM,CDC,CDO,SLOC
"EDEM_JavaSpaces_Adaptation",0.499,0.568,2,3,52
"EDEM_JavaSpaces_Config&Connect",0.249,0.898,2,15,144
"EDEM_JavaSpaces_Distribution",0.631,0.973,7,71,585
"EDEM_JavaSpaces_Event",0.550,0.924,3,18,80
"EDEM_JavaSpaces_Factory",0.665,0.967,4,58,351
"EDEM_JavaSpaces_Glue",0.613,0.842,4,12,75
"EDEM_JavaSpaces_Notification",0.836,0.967,14,64,452
"EDEM_JavaSpaces_Protocol",0.767,0.976,6,76,530
"EDEM_JavaSpaces_Publication",0.665,0.967,4,58,351
"EDEM_JavaSpaces_Routing",NaN,NaN,0,0,0
"EDEM_JavaSpaces_Subscription",0.899,0.983,18,128,866
