Concern Name,DOSC,DOSM,CDC,CDO,SLOC
"EDEM_YANCEES_SERVER_Adaptation",NaN,NaN,0,0,0
"EDEM_YANCEES_SERVER_Config&Connect",0.355,0.645,2,5,78
"EDEM_YANCEES_SERVER_Distribution",NaN,NaN,0,0,0
"EDEM_YANCEES_SERVER_Event",NaN,NaN,0,0,0
"EDEM_YANCEES_SERVER_Factory",0.833,0.932,6,20,124
"EDEM_YANCEES_SERVER_Glue",NaN,NaN,0,0,0
"EDEM_YANCEES_SERVER_Notification",0.635,0.946,3,32,181
"EDEM_YANCEES_SERVER_Protocol",0.757,0.928,9,47,478
"EDEM_YANCEES_SERVER_Publication",0.473,0.845,2,9,219
"EDEM_YANCEES_SERVER_Routing",NaN,NaN,0,0,0
"EDEM_YANCEES_SERVER_Subscription",0.825,0.955,8,55,620
