Concern Name,DOSC,DOSM,CDC,CDO,SLOC
"IMPROMPTU_BFS_Adaptation",NaN,NaN,0,0,0
"IMPROMPTU_BFS_Config&Connect",0.482,0.911,4,14,129
"IMPROMPTU_BFS_Distribution",0.743,0.933,7,29,278
"IMPROMPTU_BFS_Event",0.778,0.962,6,47,199
"IMPROMPTU_BFS_Factory",NaN,NaN,0,0,0
"IMPROMPTU_BFS_Glue",0.496,0.667,2,3,11
"IMPROMPTU_BFS_Notification",0.000,0.000,1,1,1
"IMPROMPTU_BFS_Protocol",0.596,0.894,6,21,296
"IMPROMPTU_BFS_Publication",0.572,0.899,5,20,234
"IMPROMPTU_BFS_Routing",0.665,0.947,5,25,180
"IMPROMPTU_BFS_Subscription",0.724,0.953,7,29,201
