Concern Name,DOSC,DOSM,CDC,CDO,SLOC
"IMPROMPTU_JavaSpaces_Adaptation",0.461,0.908,2,15,194
"IMPROMPTU_JavaSpaces_Config&Connect",0.597,0.928,5,17,153
"IMPROMPTU_JavaSpaces_Distribution",0.743,0.933,7,29,278
"IMPROMPTU_JavaSpaces_Event",0.830,0.965,8,51,236
"IMPROMPTU_JavaSpaces_Factory",NaN,NaN,0,0,0
"IMPROMPTU_JavaSpaces_Glue",0.496,0.667,2,3,11
"IMPROMPTU_JavaSpaces_Notification",0.296,0.864,3,13,150
"IMPROMPTU_JavaSpaces_Protocol",0.732,0.935,9,33,404
"IMPROMPTU_JavaSpaces_Publication",0.576,0.906,5,20,237
"IMPROMPTU_JavaSpaces_Routing",NaN,NaN,0,0,0
"IMPROMPTU_JavaSpaces_Subscription",0.624,0.936,6,25,253
