Concern Name,DOSC,DOSM,CDC,CDO,SLOC
"IMPROMPTU_YANCEES_SERVER_Adaptation",NaN,NaN,0,0,0
"IMPROMPTU_YANCEES_SERVER_Config&Connect",0.355,0.645,2,5,78
"IMPROMPTU_YANCEES_SERVER_Distribution",NaN,NaN,0,0,0
"IMPROMPTU_YANCEES_SERVER_Event",NaN,NaN,0,0,0
"IMPROMPTU_YANCEES_SERVER_Factory",0.000,0.337,1,2,22
"IMPROMPTU_YANCEES_SERVER_Glue",NaN,NaN,0,0,0
"IMPROMPTU_YANCEES_SERVER_Notification",NaN,NaN,0,0,0
"IMPROMPTU_YANCEES_SERVER_Protocol",0.453,0.818,4,13,276
"IMPROMPTU_YANCEES_SERVER_Publication",0.473,0.845,2,9,219
"IMPROMPTU_YANCEES_SERVER_Routing",0.188,0.828,2,13,171
"IMPROMPTU_YANCEES_SERVER_Subscription",0.000,0.859,1,15,158
