Concern Name,DOSC,DOSM,CDC,CDO,SLOC
"IMPROMPTU_CORBANS_Adaptation",0.242,0.625,2,3,192
"IMPROMPTU_CORBANS_Config&Connect",0.687,0.894,5,16,231
"IMPROMPTU_CORBANS_Distribution",0.743,0.933,7,29,278
"IMPROMPTU_CORBANS_Event",0.778,0.962,6,47,199
"IMPROMPTU_CORBANS_Factory",NaN,NaN,0,0,0
"IMPROMPTU_CORBANS_Glue",0.496,0.667,2,3,11
"IMPROMPTU_CORBANS_Notification",0.168,0.784,2,7,54
"IMPROMPTU_CORBANS_Protocol",0.748,0.938,9,33,424
"IMPROMPTU_CORBANS_Publication",0.617,0.913,5,20,257
"IMPROMPTU_CORBANS_Routing",NaN,NaN,0,0,0
"IMPROMPTU_CORBANS_Subscription",0.541,0.916,5,16,149
