Concern Name,DOSC,DOSM,CDC,CDO,SLOC
"IMPROMPTU_Siena_Adaptation",0.286,0.774,2,6,81
"IMPROMPTU_Siena_Config&Connect",0.674,0.923,5,17,191
"IMPROMPTU_Siena_Distribution",0.743,0.933,7,29,278
"IMPROMPTU_Siena_Event",0.778,0.962,6,47,199
"IMPROMPTU_Siena_Factory",NaN,NaN,0,0,0
"IMPROMPTU_Siena_Glue",0.496,0.667,2,3,11
"IMPROMPTU_Siena_Notification",0.165,0.839,2,8,55
"IMPROMPTU_Siena_Protocol",0.744,0.938,9,34,417
"IMPROMPTU_Siena_Publication",0.606,0.913,5,21,250
"IMPROMPTU_Siena_Routing",NaN,NaN,0,0,0
"IMPROMPTU_Siena_Subscription",0.675,0.949,6,24,192
