Concern Name,DOSC,DOSM,CDC,CDO,SLOC
"IMPROMPTU_YANCEES_CLIENT_Adaptation",0.498,0.880,2,13,151
"IMPROMPTU_YANCEES_CLIENT_Config&Connect",0.495,0.856,2,12,133
"IMPROMPTU_YANCEES_CLIENT_Distribution",NaN,NaN,0,0,0
"IMPROMPTU_YANCEES_CLIENT_Event",0.778,0.962,6,47,199
"IMPROMPTU_YANCEES_CLIENT_Factory",NaN,NaN,0,0,0
"IMPROMPTU_YANCEES_CLIENT_Glue",NaN,NaN,0,0,0
"IMPROMPTU_YANCEES_CLIENT_Notification",0.123,0.834,2,9,76
"IMPROMPTU_YANCEES_CLIENT_Protocol",NaN,NaN,0,0,0
"IMPROMPTU_YANCEES_CLIENT_Publication",0.000,0.000,1,1,10
"IMPROMPTU_YANCEES_CLIENT_Routing",NaN,NaN,0,0,0
"IMPROMPTU_YANCEES_CLIENT_Subscription",0.609,0.930,4,20,165
